Crumpets,Crumpets description, 12 min, Facile
Plum pudding,Pudding description, 15 min, Très facile
Christmas crumble,Crumble description, 25 min, Difficile
Tiramisu aux fraises,"Ingrédients : biscuits à la cuillère, citron, oeuf, mascarpone, fraise, sucre. Préparer 2 h à l'avance. Placer les biscuits dans un plat. Laver, équeu", 20 min,Facile
Charlotte aux fraises,"Ingrédients : moules, boudoir, gervita, Alcools, fraise, sucre. Equeutez les fraises, coupez- les en grands morceaux. Placez le film plastique dans le", 15 min,Très facile
'the' tarte aux fraises,. Former une boule avec les paumes et fraiser 1 ou 2 fois pour rendre la boule + homogène. Foncer... et disposer joliment les fraises coupées en 2. .., 15 min,Très facile
Bricks au chèvre frais et à la tapenade,"Ingrédients : paprika, ciboulette, tomate, tapenade verte, chèvre frais, brick, ail. Préparer un concassé de tomate et d'ail. Prendre 2 feuilles de br", 10 min,Facile
Verrine fraîcheur au carré frais,"Ingrédients : poivre, couteau, saumon fumé, crème fleurette, jus de citron, carré frais, oeufs de saumon, avocat, aneth, sel, maïs, surimi. Dans vos q", 20 min,Facile
Sorbet fraise,Ingrédients : - 500 g de fraises rondes - 1/2 citron jaune Carrefour bio - 1 œuf Origine & Qualité Carrefour L'épicerie de base : - 175 g de sucre blo, 2 h 10 min,Très facile
"""The"" charlotte aux fraises",", crème liquide, gélatine, fraise. Préparer un sirop en portant à ébullition 15 cl d'eau et 80 g de sucre. Oter du feu et laisser refroidir, ensuite y", 1 h ,Difficile
Bavarois aux fraises sur génoise,"Ingrédients : citron, oeuf, farine, crème liquide, gélatine, coulis, fraise, sucre. Attention, cette recette est à faire la veille! Tout d'abord, avoi", 2 h ,Facile
Tiramisu fraises et speculoos," des coupes à dessert individuelles) : Déposez une couche de fraises au fond de la coupe, ajoutez 1 couche de crème au mascarpone puis saupoudrez de s", 30 min,Très facile
Tagliatelles au saumon frais,"Ingrédients : poivre, parmesan râpé, crême fraîche, beurre, sel, tagliatelle fraîche, saumon frais. Cuire les pâtes à l'eau bouillante salée selon le ", 30 min,Très facile
Trifle aux fraises,"Ingrédients : biscuits à la cuillère, oeuf, fromage blanc, fraise, sucre. Mélanger le fromage blanc et le sucre. Battre au fouet quelques minutes pour", 20 min,Facile
Flan aux fraises,Ingrédients : - 3 œufs Origine & Qualité Carrefour - 50 cl de lait frais demi-écrémé Carrefour - 1 cuillère à soupe de maïzena - 1/2 cuillère à café d, 30 min,Facile
